City_ID,City,Lat,Lng,Max Temp,Humidity,Cloudiness,Wind Speed,Country,Date
0,hamilton,39.1834,-84.5333,25.87,81,0,5.14,US,1719997661
1,ust-nera,64.5667,143.2,18.89,54,100,1.36,RU,1719997927
2,al kharijah,25.4514,30.5464,37.41,10,26,1.66,EG,1719997928
3,tefe,-3.3542,-64.7114,22.06,98,93,1.0,BR,1719997929
4,iwaki,37.05,140.8833,28.76,86,100,2.0,JP,1719997252
5,edinburgh of the seven seas,-37.0676,-12.3116,13.34,79,38,17.75,SH,1719997932
6,kerikeri,-35.2268,173.9474,8.89,84,72,1.61,NZ,1719997933
7,udachny,66.4167,112.4,16.51,32,17,7.8,RU,1719997935
8,garoowe,8.4054,48.4845,33.24,33,96,12.76,SO,1719997936
9,tangalle,6.024,80.7911,30.45,67,85,7.06,LK,1719997937
10,vadso,70.0744,29.7487,10.49,93,100,7.72,NO,1719997939
11,waitangi,-43.9535,-176.5597,7.12,97,100,2.68,NZ,1719997940
12,nagqu,31.5,92.0,18.04,40,78,8.92,CN,1719997941
13,albany,42.6001,-73.9662,16.9,91,76,0.98,US,1719997943
14,college,64.8569,-147.8028,18.43,56,75,3.6,US,1719997944
15,avarua,-21.2078,-159.775,24.03,83,20,4.12,CK,1719997946
16,maydanshakhr,34.3956,68.8662,31.61,12,0,2.48,AF,1719997947
17,olonkinbyen,70.9221,-8.7187,3.81,97,100,4.39,SJ,1719997948
18,loa janan,-0.583,117.095,24.15,95,100,0.04,ID,1719997785
19,newman,37.3138,-121.0208,26.27,66,0,1.37,US,1719997952
20,choyr,46.3611,108.3611,28.1,19,52,5.64,MN,1719997953
21,port elizabeth,-33.918,25.5701,16.17,85,0,3.09,ZA,1719997955
22,general villegas,-35.0328,-63.0125,4.4,53,33,3.38,AR,1719997956
23,ujae,8.9322,165.7642,28.54,80,100,7.38,MH,1719997958
24,jamestown,42.097,-79.2353,21.77,67,0,3.6,US,1719997959
25,fiambala,-27.6871,-67.6149,8.57,31,0,0.49,AR,1719997960
26,tabou,4.423,-7.3528,25.62,77,88,4.61,CI,1719997960
27,northam,51.0333,-4.2167,16.33,95,100,6.44,GB,1719997963
28,papatowai,-46.5619,169.4708,5.72,86,60,2.46,NZ,1719997964
29,tiksi,71.6872,128.8694,4.3,76,100,3.85,RU,1719997965
30,port-aux-francais,-49.35,70.2167,0.98,54,31,6.61,TF,1719997967
31,adamstown,-25.066,-130.1015,20.6,62,100,6.11,PN,1719997968
32,kodiak,57.79,-152.4072,8.73,93,100,0.0,US,1719997969
33,hawaiian paradise park,19.5933,-154.9731,22.8,91,75,2.57,US,1719997971
34,invercargill,-46.4,168.35,6.12,90,24,0.89,NZ,1719997953
35,tolanaro,-25.0319,46.9987,23.04,65,1,7.04,MG,1719997681
36,bonthe,7.5264,-12.505,25.94,79,39,1.57,SL,1719997974
37,chonchi,-42.6128,-73.8092,5.62,89,75,4.39,CL,1719997976
38,queenstown,-31.8976,26.8753,17.06,32,94,8.11,ZA,1719997706
39,preobrazheniye,42.9019,133.9064,15.85,96,100,3.62,RU,1719997978
40,puerto natales,-51.7236,-72.4875,-3.42,97,76,1.82,CL,1719997980
41,walvis bay,-22.9575,14.5053,11.53,93,0,1.54,NA,1719997967
42,iqaluit,63.7506,-68.5145,6.85,70,75,6.17,CA,1719997982
43,blackmans bay,-43.0167,147.3167,6.52,84,13,0.45,AU,1719997984
44,naliya,23.2667,68.8333,32.63,64,76,8.79,IN,1719997986
45,damghan,36.1683,54.348,34.36,17,64,6.51,IR,1719997987
46,susuman,62.7833,148.1667,14.44,69,61,2.05,RU,1719997988
47,port mathurin,-19.6833,63.4167,21.94,64,13,8.38,MU,1719997991
48,fale old settlement,-9.3852,-171.2468,28.91,78,30,9.68,TK,1719997992
49,georgetown,5.4112,100.3354,30.96,70,20,4.63,MY,1719997994
50,la cruz,23.9167,-106.9,25.69,88,95,2.78,MX,1719997756
51,talnakh,69.4865,88.3972,17.2,35,69,6.66,RU,1719997890
52,aykhal,66.0,111.5,16.52,34,8,5.13,RU,1719997997
53,bilibino,68.0546,166.4372,15.18,63,80,1.96,RU,1719997999
54,nemuro,43.3236,145.575,17.88,76,91,2.71,JP,1719998000
55,bilokurakyne,49.5341,38.7307,35.92,14,1,3.32,UA,1719998001
56,stanley,54.868,-1.6985,12.38,87,40,3.09,GB,1719998003
57,medina,24.4686,39.6142,37.24,6,0,5.66,SA,1719997884
58,punta arenas,-53.15,-70.9167,-1.94,86,75,2.06,CL,1719998006
59,sola,-13.8833,167.55,26.03,73,44,8.51,VU,1719998007
60,bor,56.3567,44.0669,31.96,44,11,4.02,RU,1719998008
61,birzebbuga,35.8258,14.5269,25.38,61,40,9.26,MT,1719998010
62,grytviken,-54.2811,-36.5092,-5.05,77,7,1.77,GS,1719997828
63,hermanus,-34.4187,19.2345,14.33,80,98,4.06,ZA,1719998012
64,cabo san lucas,22.8909,-109.9124,24.78,88,94,1.34,MX,1719998015
65,pont rouge,48.8833,-72.0825,18.16,88,87,2.96,CA,1719998016
66,ilulissat,69.2167,-51.1,4.01,93,75,1.54,GL,1719998018
67,al faw,29.9776,48.4741,41.48,17,0,7.1,IQ,1719998019
68,howrah,22.5892,88.3103,30.0,84,75,3.6,IN,1719997464
69,panaba,21.2833,-88.2667,24.07,97,26,2.47,MX,1719998023
70,jining,35.405,116.5814,34.37,39,94,3.29,CN,1719998024
71,santa marta,11.2408,-74.199,27.16,83,100,2.08,CO,1719998026
72,crane,31.3974,-102.3501,27.26,46,67,9.08,US,1719998027
73,fort stockton,30.894,-102.8793,26.03,53,0,7.2,US,1719998029
74,middelharnis,51.7575,4.1653,13.34,79,100,0.89,NL,1719998031
75,port macquarie,-31.4333,152.9167,12.82,86,56,0.89,AU,1719998032
76,uturoa,-16.7333,-151.4333,25.84,75,38,10.64,PF,1719998034
77,ribeira grande,38.5167,-28.7,24.22,60,40,7.2,PT,1719998035
78,san antonio de pale,-1.4014,5.6325,23.74,82,100,6.65,GQ,1719998037
79,zhanaozen,43.3,52.8,33.73,14,17,5.38,KZ,1719998038
80,thompson,55.7435,-97.8558,12.09,100,100,0.0,CA,1719998039
81,pariaman,-0.619,100.12,32.03,70,35,2.67,ID,1719997786
82,qaqortoq,60.7167,-46.0333,2.57,91,51,0.99,GL,1719998042
83,hadibu,12.65,54.0333,29.85,61,61,13.5,YE,1719998043
84,tobelo,1.7284,128.0095,28.3,76,42,1.68,ID,1719998045
85,ndelele,4.0333,14.9333,26.11,83,22,0.36,CM,1719998046
86,suva,-18.1416,178.4415,24.71,88,75,2.06,FJ,1719997969
87,remire-montjoly,4.9167,-52.2667,23.02,100,100,0.0,GF,1719998049
88,khandyga,62.6667,135.6,22.11,56,98,1.87,RU,1719998050
89,ushuaia,-54.8,-68.3,-1.52,98,100,1.3,AR,1719998051
90,bubaque,11.2833,-15.8333,26.58,80,86,8.35,GW,1719998053
91,meadow lake,34.8014,-106.5436,18.97,61,79,1.0,US,1719998054
92,san fernando de monte cristi,19.8667,-71.65,27.63,76,100,7.61,DO,1719998055
93,isangel,-19.55,169.2667,24.06,83,20,4.63,VU,1719998056
94,iquitos,-3.7481,-73.2472,20.02,100,40,0.0,PE,1719998058
95,west island,-12.1568,96.8225,28.99,79,75,9.26,CC,1719998059
96,nedryhayliv,50.834,33.8763,31.06,31,50,3.41,UA,1719998062
97,wailua homesteads,22.0669,-159.378,24.44,86,100,6.17,US,1719998063
98,port lincoln,-34.7333,135.8667,10.09,68,0,4.67,AU,1719998065
99,alofi,-19.0595,-169.9187,23.94,88,40,3.6,NU,1719998066
100,vilyuysk,63.7553,121.6247,21.01,47,2,4.49,RU,1719998068
101,waddan,29.1614,16.139,31.56,28,1,4.26,LY,1719998070
102,hobe sound,27.0595,-80.1364,27.77,93,0,0.0,US,1719998071
103,tazovsky,67.4667,78.7,18.41,36,100,6.31,RU,1719998073
104,kailua-kona,19.6406,-155.9956,23.98,93,100,3.6,US,1719998074
105,inarajan village,13.2736,144.7484,28.54,90,100,5.61,GU,1719998076
106,dawei,14.0833,98.2,25.66,87,100,0.55,MM,1719998077
107,whitehorse,60.7161,-135.0538,12.43,87,100,2.57,CA,1719998080
108,tura,25.5198,90.2201,28.02,86,100,3.51,IN,1719997800
109,flying fish cove,-10.4217,105.6791,26.82,89,100,5.66,CX,1719998082
110,kristiansund,63.1115,7.732,14.03,66,40,6.17,NO,1719998084
111,vashkivtsi,48.3849,25.5102,14.02,97,100,4.93,UA,1719998085
112,inhambane,-23.865,35.3833,24.99,69,40,0.0,MZ,1719998086
113,iskateley,67.6803,53.1512,18.24,68,99,9.31,RU,1719998088
114,atafu village,-8.5421,-172.5159,29.21,77,8,9.4,TK,1719998089
115,cleveland,41.4995,-81.6954,23.51,66,0,5.14,US,1719998090
116,westport,41.1415,-73.3579,18.51,88,0,0.0,US,1719998092
117,isafjordur,66.0755,-23.124,7.02,81,100,7.2,IS,1719998093
118,lompoc,34.6391,-120.4579,17.66,77,2,1.31,US,1719998094
119,puerto ayora,-0.7393,-90.3518,20.31,99,19,2.47,EC,1719998095
120,geraldton,-28.7667,114.6,18.23,55,0,5.66,AU,1719997833
121,lazaro cardenas,17.9583,-102.2,24.75,89,93,1.48,MX,1719998098
122,kapuskasing,49.4169,-82.4331,17.05,72,100,4.63,CA,1719998101
123,al hayy,32.1735,46.0433,41.96,10,0,7.74,IQ,1719998103
124,margaret river,-33.95,115.0667,14.87,58,1,2.84,AU,1719997993
125,umuarama,-23.7664,-53.325,15.68,72,0,2.77,BR,1719998106
126,nuuk,64.1835,-51.7216,3.34,93,75,2.57,GL,1719998108
127,weno,7.4515,151.8468,27.97,83,75,2.57,FM,1719998109
128,petropavlovsk-kamchatsky,53.0452,158.6483,9.33,100,75,1.0,RU,1719998111
129,aasiaat,68.7098,-52.8699,2.51,91,99,0.99,GL,1719998112
130,papao,-17.75,-149.55,22.82,74,100,10.34,PF,1719998113
131,chinchilla,-26.75,150.6333,15.01,80,92,3.13,AU,1719998114
132,bel ombre,-4.6167,55.4167,28.91,70,20,5.66,SC,1719998116
133,al bawiti,28.3492,28.8659,34.91,11,0,3.54,EG,1719998117
134,vilyuchinsk,52.9306,158.4028,10.15,97,100,3.21,RU,1719998120
135,kencong,-8.2833,113.3667,26.82,85,100,2.55,ID,1719997913
136,tsiombe,-25.3,45.4833,25.62,44,0,4.33,MG,1719998123
137,kedrovyy,56.1667,91.8167,26.23,96,100,3.21,RU,1719998124
138,bethel,41.3712,-73.414,16.63,90,0,0.0,US,1719997835
139,ulsteinvik,62.3432,5.8487,14.48,58,71,0.45,NO,1719998127
140,leava,-14.3,-178.1667,27.39,86,6,9.5,WF,1719998129
141,poronaysk,49.2167,143.1167,14.96,82,3,3.14,RU,1719998130
142,hasaki,35.7333,140.8333,27.38,77,99,4.64,JP,1719998132
143,conception bay south,47.4999,-52.9981,13.08,98,100,4.71,CA,1719998133
144,anna regina,7.2644,-58.5077,24.45,91,38,1.08,GY,1719998134
145,leh,34.1667,77.5833,24.89,20,3,2.56,IN,1719998136
146,enewetak,11.3474,162.3373,28.32,81,100,8.01,MH,1719998137
147,badger,64.8,-147.5333,18.38,55,75,3.6,US,1719998138
148,christchurch,-43.5333,172.6333,5.53,87,86,2.57,NZ,1719997476
149,lumut,4.2323,100.6298,33.01,58,20,1.54,MY,1719998141
150,akjoujt,19.6969,-14.4164,29.99,39,99,7.34,MR,1719998143
151,prestea,5.4327,-2.1428,26.7,73,100,3.15,GH,1719998144
152,sombrerete,23.6333,-103.65,14.91,69,0,2.83,MX,1719998146
153,saint-philippe,-21.3585,55.7679,24.77,76,7,5.42,RE,1719998147
154,boke,10.9409,-14.2967,25.95,85,71,3.65,GN,1719997856
155,fang,19.9169,99.2145,28.25,87,100,1.3,TH,1719998150
156,st. john's,47.5649,-52.7093,13.21,99,100,8.23,CA,1719998151
157,kavaratti,10.5669,72.642,28.39,85,99,7.63,IN,1719997781
158,guymon,36.6828,-101.4816,20.0,94,0,4.12,US,1719998158
159,tosontsengel,48.7567,98.2839,24.45,34,99,3.68,MN,1719998160
160,dongkan,33.9997,119.8308,31.77,58,95,2.73,CN,1719998166
161,keflavik,64.0049,-22.5624,11.95,93,100,6.17,IS,1719998170
162,afaahiti,-17.75,-149.2833,21.93,73,100,9.01,PF,1719998171
163,okhotsk,59.3833,143.3,13.59,72,63,3.32,RU,1719998180
164,ghanzi,-21.5667,21.7833,23.26,20,0,5.73,BW,1719998181
165,yellowknife,62.456,-114.3525,13.29,82,100,2.06,CA,1719998186
166,qarazhal,48.0078,70.7903,25.0,35,100,5.29,KZ,1719998187
167,amahai,-3.3333,128.9167,25.41,92,91,3.97,ID,1719998188
168,menongue,-14.6585,17.691,25.78,19,22,2.7,AO,1719998190
169,kotlas,61.2611,46.6556,32.01,36,0,5.9,RU,1719998191
170,ceeldheer,3.8488,47.1806,29.33,59,57,11.16,SO,1719997978
171,sim,54.993,57.6982,28.87,43,2,0.87,RU,1719998193
172,bredasdorp,-34.5322,20.0403,14.0,69,86,2.57,ZA,1719998195
173,tahe,52.3333,124.7333,36.63,19,6,3.5,CN,1719998196
174,zielona gora,51.9355,15.5064,18.38,57,100,4.09,PL,1719998198
175,harstad,68.799,16.5293,12.31,88,100,0.98,NO,1719998199
176,mahibadhoo,3.7833,72.9667,29.26,74,84,3.4,MV,1719998200
177,mendi,-6.1761,143.6513,14.27,99,100,0.17,PG,1719998202
178,chunskiy,56.0815,99.6342,32.61,33,74,2.9,RU,1719998203
179,hithadhoo,-0.6,73.0833,28.54,74,97,1.22,MV,1719998204
180,parral,26.9333,-105.6667,23.19,44,17,2.16,MX,1719998205
181,utrik,11.2278,169.8474,27.91,78,46,8.05,MH,1719998207
182,buckie,57.6757,-2.9624,12.8,87,100,4.43,GB,1719998208
183,fort mcmurray,56.7268,-111.381,16.77,82,0,4.12,CA,1719998210
184,kurchatov,51.6601,35.6521,31.23,45,89,3.32,RU,1719998211
185,calchaqui,-29.8877,-60.287,11.53,70,36,3.73,AR,1719998212
186,ixtapa,20.7,-105.2,24.01,92,98,0.45,MX,1719998214
187,kayangel,8.0823,134.7173,29.39,68,98,2.09,PW,1719998215
188,senador jose porfirio,-2.5908,-51.9542,22.23,98,25,1.59,BR,1719998216
189,jijel,36.8205,5.7667,26.97,47,20,2.06,DZ,1719998218
190,aldinga beach,-35.2793,138.4604,10.9,75,3,5.18,AU,1719998219
191,princeville,45.7668,-61.2985,11.84,97,0,0.69,CA,1719998220
192,longyearbyen,78.2186,15.6401,11.91,58,75,6.17,SJ,1719997981
193,lebu,-37.6167,-73.65,7.58,76,100,4.88,CL,1719998225
194,kolonia town,6.964,158.206,28.91,75,36,4.6,FM,1719998226
195,callao,-12.0667,-77.15,15.79,88,100,1.54,PE,1719998230
196,cockburn town,21.4612,-71.1419,27.88,89,95,10.11,TC,1719998232
197,tres arroyos,-38.3739,-60.2798,6.99,67,85,6.31,AR,1719998233
198,taroa,8.7058,171.2275,28.09,82,33,8.39,MH,1719998235
199,north bend,43.4065,-124.2243,13.25,87,0,2.06,US,1719998236
200,port douglas,-16.4833,145.4667,22.31,88,53,5.03,AU,1719998238
201,murzuq,25.9155,13.9184,37.87,10,0,3.01,LY,1719998239
202,vega de alatorre,20.0333,-96.6333,24.87,82,45,2.12,MX,1719998240
203,weihai,37.5017,122.1136,22.41,84,1,1.89,CN,1719998243
204,abu qurqas,27.9312,30.8384,35.31,17,0,3.6,EG,1719998244
205,lichinga,-13.3128,35.2406,24.46,36,68,0.52,MZ,1719998246
206,flin flon,54.7682,-101.865,13.9,83,100,2.46,CA,1719998248
207,grand falls-windsor,48.9332,-55.6649,10.28,93,1,1.37,CA,1719998249
208,kiunga,-6.1219,141.2906,24.21,99,100,1.43,PG,1719998251
209,bishunpur urf maharajganj,26.2519,83.1186,34.69,55,100,1.38,IN,1719998252
210,nikolayevsk-on-amure,53.1406,140.73,26.42,60,75,1.42,RU,1719998254
211,lihue,21.9789,-159.3672,24.77,81,100,6.17,US,1719998255
212,anadyr,64.75,177.4833,18.28,59,0,4.0,RU,1719998256
213,mundybash,53.211,87.2983,20.84,80,100,1.5,RU,1719998257
214,coahuayana de hidalgo,18.7,-103.6583,24.14,88,97,1.21,MX,1719998259
215,arenapolis,-14.4503,-56.8461,19.2,59,3,1.45,BR,1719998260
216,zhangye,38.9342,100.4517,35.08,9,57,3.45,CN,1719998261
217,gamba,-2.65,10.0,23.29,82,100,4.05,GA,1719998263
218,kourou,5.1552,-52.6478,23.03,94,25,2.6,GF,1719998264
219,lerida,41.6167,0.6167,19.41,61,0,2.06,ES,1719998266
220,sydney mines,46.2367,-60.2177,11.88,95,40,2.06,CA,1719998267
221,mukalla,14.5425,49.1242,37.45,46,59,8.81,YE,1719998268
222,roma,43.2128,-75.4557,19.93,73,0,3.09,US,1719998269
223,tadine,-21.55,167.8833,22.31,82,90,2.28,NC,1719998271
224,bakchar,57.0186,82.0711,26.23,42,57,1.71,RU,1719998277
225,spring creek,40.7266,-115.5859,14.38,42,0,0.23,US,1719998278
226,lagunas,-5.2269,-75.6753,20.61,98,45,0.39,PE,1719998279
227,tshabong,-26.05,22.45,19.63,26,0,1.34,BW,1719998282
228,mhamid,29.82,-5.72,35.52,9,0,1.39,MA,1719998284
229,videira,-27.0083,-51.1517,11.32,96,0,1.36,BR,1719998285
230,camarinas,43.1311,-9.1817,20.1,75,26,5.97,ES,1719998287
231,graham,47.0529,-122.2943,13.2,86,100,1.79,US,1719998288
232,choibalsan,48.0667,114.5,30.06,30,100,4.81,MN,1719998289
233,shingu,33.7333,135.9833,28.62,76,100,2.89,JP,1719998143
234,xinqing,48.2333,129.5,25.06,69,100,1.67,CN,1719998292
235,onil,38.6244,-0.6726,27.21,42,9,1.03,ES,1719998293
236,sao joao da barra,-21.6403,-41.0511,19.71,91,0,3.05,BR,1719998295
237,severn,39.1371,-76.6983,20.98,84,75,0.0,US,1719998298
238,salekhard,66.53,66.6019,13.59,89,100,6.21,RU,1719998299
239,yuzhno-kurilsk,44.0306,145.8556,17.55,77,79,0.78,RU,1719998300
240,whakatane,-37.9585,176.9854,6.95,94,12,2.6,NZ,1719998302
241,voi,-3.3945,38.563,28.28,42,62,4.84,KE,1719998303
242,gerash,27.6652,54.1371,42.08,10,21,2.59,IR,1719998304
243,guerrero negro,27.9769,-114.0611,17.91,91,15,3.23,MX,1719998306
244,phan rang-thap cham,11.5667,108.9833,29.72,68,93,3.55,VN,1719998103
245,tsiroanomandidy,-18.7667,46.0333,25.81,29,49,1.37,MG,1719998308
246,codrington,-38.2667,141.9667,6.28,84,0,2.89,AU,1719998310
247,nadym,65.5333,72.5167,18.33,45,100,7.97,RU,1719998311
248,broome,42.2506,-75.833,17.0,97,88,0.45,US,1719998312
249,rio grande,-32.035,-52.0986,11.64,90,3,5.2,BR,1719998314
250,vorgashor,67.5833,63.95,14.01,95,100,6.44,RU,1719998315
251,thurso,58.5927,-3.5259,11.14,89,100,6.37,GB,1719998316
252,vail,32.0479,-110.712,27.72,55,91,2.54,US,1719998317
253,raduzhnyy,62.0961,77.475,21.65,33,3,1.87,RU,1719998319
254,sainte-marie,-20.8968,55.5496,25.09,69,0,8.75,RE,1719998153
255,kuanda,56.3161,116.0806,32.26,32,66,0.92,RU,1719998321
256,kijang,35.2442,129.2139,25.85,93,72,6.25,KR,1719998073
257,tokar,18.4254,37.729,41.23,25,100,13.56,SD,1719998324
258,rawson,-43.3002,-65.1023,3.4,55,0,8.19,AR,1719998325
259,darwin,-12.4611,130.8418,26.99,60,0,2.57,AU,1719998106
260,el salto,20.3333,-104.5,16.72,96,96,0.37,MX,1719998327
261,lashio,22.9333,97.75,26.6,88,94,1.22,MM,1719998329
262,touros,-5.1989,-35.4608,22.94,92,59,4.63,BR,1719998330
263,holualoa,19.6228,-155.9522,21.91,94,100,3.6,US,1719998332
264,cedeira,43.6797,-8.0209,17.77,70,25,2.49,ES,1719998335
265,fernley,39.608,-119.2518,22.22,16,0,1.79,US,1719998336
266,san luis de la loma,17.2706,-100.8939,24.66,88,100,2.08,MX,1719998337
267,arraial do cabo,-22.9661,-42.0278,20.92,100,0,1.54,BR,1719998339
268,floro,61.5996,5.0328,12.98,58,75,3.09,NO,1719998340
269,luwuk,-0.9516,122.7875,26.36,92,91,0.64,ID,1719998341
270,hassi messaoud,31.6804,6.0729,33.92,22,0,4.63,DZ,1719998343
271,gaoual,11.75,-13.2,25.96,81,37,2.35,GN,1719998344
272,tevriz,57.509,72.4042,20.79,50,66,5.07,RU,1719998345
273,nar'yan-mar,67.6713,53.087,18.43,67,99,9.5,RU,1719998346
274,pitimbu,-7.4706,-34.8086,22.33,82,86,5.41,BR,1719998348
275,tamanrasset,22.785,5.5228,33.95,14,0,7.2,DZ,1719998349
276,manta,-0.95,-80.7333,23.88,88,100,3.09,EC,1719998350
277,kotido,2.9806,34.1331,27.69,43,100,1.75,UG,1719998352
278,manga,11.6636,-1.0731,26.61,71,100,2.46,BF,1719998353
279,nova sintra,14.8667,-24.7167,21.15,78,81,2.85,CV,1719998355
280,sebastopol,44.6,33.5333,27.78,48,0,3.13,UA,1719998356
281,egersund,58.4513,5.9997,14.65,61,100,5.31,NO,1719998357
282,la passe,45.5549,-0.8967,20.13,71,78,5.24,FR,1719998359
283,lesnoy,57.6198,63.0784,25.57,49,17,1.88,RU,1719998360
284,constantia,44.1833,28.65,27.61,53,13,3.19,RO,1719998362
285,qarauyl,48.9451,79.255,21.89,36,100,6.27,KZ,1719998363
286,ciudad madero,22.2667,-97.8333,25.59,85,60,2.64,MX,1719998364
287,alma,48.5501,-71.6491,18.56,82,69,2.07,CA,1719998366
288,sitka,57.0531,-135.33,11.94,76,100,4.12,US,1719998367
289,luderitz,-26.6481,15.1594,15.98,59,40,4.33,NA,1719998369
290,kununurra,-15.7667,128.7333,24.99,41,8,3.6,AU,1719998371
291,magadan,59.5667,150.8,14.36,78,79,2.01,RU,1719998169
292,fort st. john,56.2499,-120.8529,11.94,94,100,3.09,CA,1719998374
293,basoko,1.2391,23.616,31.94,48,66,0.21,CD,1719998375
294,kaiapoi,-43.3783,172.6401,5.61,82,40,3.09,NZ,1719998376
295,horta,38.5333,-28.6333,23.8,75,40,7.2,PT,1719998378
296,mon,26.75,95.1,24.09,98,100,0.85,IN,1719998379
297,sonoita,31.85,-112.8333,31.52,35,1,3.98,MX,1719998380
298,zhosaly,45.4878,64.0781,34.02,18,0,4.76,KZ,1719998381
299,las heras,-46.5419,-68.9359,2.46,71,0,12.0,AR,1719998383
300,klyuchi,52.2667,79.1667,24.51,42,80,1.97,RU,1719998384
301,san andres,12.5847,-81.7006,27.01,94,40,2.06,CO,1719998386
302,shenjiamen,29.9576,122.298,25.82,89,8,8.05,CN,1719998389
303,batticaloa,7.7102,81.6924,30.81,68,99,5.52,LK,1719998398
304,sherpur,25.0188,90.0175,30.59,77,100,4.82,BD,1719998065
305,upington,-28.4478,21.2561,17.21,31,0,1.54,ZA,1719998112
306,vila franca do campo,37.7167,-25.4333,22.23,88,53,1.55,PT,1719998403
307,tual,-5.6667,132.75,26.39,87,79,10.28,ID,1719998404
308,ad dabbah,18.05,30.95,41.14,12,21,3.03,SD,1719998406
309,villa de cos,23.2833,-102.35,15.96,78,0,6.01,MX,1719998407
310,margate,51.3813,1.3862,13.83,87,100,2.57,GB,1719998410
311,saldanha,-33.0117,17.9442,13.67,94,100,9.51,ZA,1719998411
312,revda,56.801,59.9303,26.95,44,8,2.94,RU,1719998412
313,mingguang,32.7802,117.9638,31.32,64,50,3.12,CN,1719998414
314,mogocha,53.7333,119.7667,37.38,16,29,0.74,RU,1719998415
315,funafuti,-8.5243,179.1942,28.0,89,75,5.66,TV,1719998275
316,shimoda,34.6667,138.95,27.84,86,100,5.07,JP,1719998417
317,iquique,-20.2208,-70.1431,15.02,76,4,0.77,CL,1719998419
318,piacabucu,-10.4056,-36.4344,22.68,82,33,3.04,BR,1719998420
319,mili,6.0815,171.735,29.19,78,76,7.56,MH,1719998421
320,vila velha,-20.3297,-40.2925,17.97,100,0,0.0,BR,1719998423
321,soio,-6.1349,12.3689,24.62,70,93,3.55,AO,1719998424
322,morondava,-20.2833,44.2833,24.19,49,0,3.05,MG,1719998425
323,daru,-9.0763,143.2092,25.23,92,100,7.52,PG,1719998427
324,alesund,62.4723,6.1549,14.49,58,75,2.57,NO,1719998260
325,colonia,50.9333,6.95,16.44,75,20,3.09,DE,1719998402
326,san ignacio de velasco,-16.3667,-60.95,17.48,63,1,1.32,BO,1719998432
327,coquimbo,-29.9533,-71.3436,11.66,56,0,2.06,CL,1719998433
328,igarka,67.4667,86.5833,17.82,37,10,3.95,RU,1719998435
329,gadzhiyevo,69.2551,33.3362,13.12,79,87,5.62,RU,1719998437
330,zherdevka,51.8486,41.4606,30.69,46,27,3.51,RU,1719998440
331,saudarkrokur,65.7461,-19.6394,9.2,80,90,4.67,IS,1719998441
332,gisborne,-38.6533,178.0042,8.18,80,46,4.55,NZ,1719997990
333,amos,48.5669,-78.1162,17.72,70,100,4.3,CA,1719998444
334,polyarnyy,69.1989,33.4478,13.02,80,86,5.44,RU,1719998445
335,bolgar,54.95,49.0667,24.97,65,77,2.33,RU,1719998446
336,port alfred,-33.5906,26.891,16.77,85,100,2.57,ZA,1719998448
337,shatrovo,56.5167,64.6333,23.27,49,36,2.98,RU,1719998449
338,puerto armuelles,8.2833,-82.8667,26.16,88,100,3.13,PA,1719998450
339,wanning,18.8003,110.3967,29.77,74,100,4.05,CN,1719998453
340,lucapa,-8.4192,20.7447,28.53,20,30,3.07,AO,1719998455
341,mbuji-mayi,-6.15,23.6,32.21,21,93,3.36,CD,1719998456
342,amurzet,47.6967,131.0981,25.0,74,100,2.46,RU,1719998458
343,itoman,26.1247,127.6694,32.01,76,20,4.63,JP,1719998258
344,at tall al kabir,30.5445,31.7853,34.44,18,0,0.45,EG,1719998460
345,nueva villa de padilla,24.0167,-98.7833,26.81,88,4,4.71,MX,1719998461
346,mount pearl,47.5166,-52.7813,12.81,99,100,8.23,CA,1719998463
347,fehrbellin,52.8135,12.7644,16.7,70,100,5.19,DE,1719998464
348,portland,45.5234,-122.6762,13.23,84,0,0.89,US,1719998465
349,askoy,60.4092,5.226,14.42,58,75,1.54,NO,1719998467
350,labytnangi,66.6572,66.4183,13.85,89,100,5.67,RU,1719998468
351,bikenibeu village,1.3673,173.1241,27.98,89,75,3.09,KI,1719998471
352,bamboo flat,11.7,92.7167,26.05,94,100,0.51,IN,1719998472
353,bayanhongor,46.7167,100.1167,22.12,32,76,3.48,MN,1719998473
354,tuscania,42.4206,11.8712,26.68,68,40,1.54,IT,1719998475
355,mitu,1.1983,-70.1733,21.32,99,91,0.58,CO,1719998476
356,la sarre,48.8002,-79.1996,17.41,68,100,4.23,CA,1719998477
357,fortuna,40.5982,-124.1573,10.19,96,0,0.0,US,1719998479
358,robertsport,6.7533,-11.3686,25.24,82,54,2.54,LR,1719998480
359,tank,32.2217,70.3793,45.41,22,0,3.84,PK,1719998481
360,vangaindrano,-23.35,47.6,20.89,81,94,2.74,MG,1719998483
361,tiznit,29.5833,-9.5,24.2,47,0,2.14,MA,1719998484
362,kopong,-24.4833,25.8833,19.13,30,0,1.54,BW,1719998485
363,kudahuvadhoo,2.6708,72.8944,28.91,73,92,1.94,MV,1719998487
364,cole harbour,44.6724,-63.4751,13.88,94,20,2.57,CA,1719998488
365,kill devil hills,36.0307,-75.676,22.77,89,0,0.0,US,1719998489
366,topolobampo,25.6,-109.05,27.06,77,100,6.55,MX,1719998491
367,alegrete,-29.7831,-55.7919,14.12,79,100,2.1,BR,1719998492
368,kidal,18.4411,1.4078,34.82,36,53,8.5,ML,1719998493
369,tagiura,32.8817,13.3506,25.32,62,0,5.36,LY,1719998496
370,kulhudhuffushi,6.6221,73.07,28.62,79,100,5.68,MV,1719998498
371,saipan,15.1355,145.701,29.39,74,40,3.6,MP,1719998499
372,sisimiut,66.9395,-53.6735,4.3,78,75,0.61,GL,1719998500
373,mil'kovo,55.6078,37.7956,32.46,44,7,5.76,RU,1719998502
374,andalgala,-27.5819,-66.3165,9.28,35,0,0.26,AR,1719998503
375,nouna,12.7333,-3.8667,25.9,74,100,5.57,BF,1719998504
376,teguise,29.0605,-13.564,21.12,60,40,8.23,ES,1719998506
377,luganville,-15.5333,167.1667,24.21,81,86,3.36,VU,1719998507
378,kalabo,-14.97,22.6814,25.92,23,23,3.59,ZM,1719998508
379,gizo,-8.103,156.8419,28.04,81,87,5.92,SB,1719998509
380,alice springs,-23.7,133.8833,6.75,61,0,2.57,AU,1719998511
381,turpan,42.9333,89.1667,36.86,22,46,1.97,CN,1719998512
382,piton saint-leu,-21.2196,55.3151,23.06,61,0,10.8,RE,1719998513
383,richfield,44.8833,-93.283,19.6,88,0,3.09,US,1719998514
384,ambovombe,-25.1667,46.0833,24.17,52,0,3.93,MG,1719998516
385,songkhla,6.8333,100.6667,34.03,56,99,3.04,TH,1719997923
386,chusovoy,58.3013,57.8131,28.98,45,9,3.24,RU,1719998518
387,fox lake,42.3967,-88.1837,22.83,92,100,1.34,US,1719998520
388,nikolayevka,53.1257,47.2041,31.56,41,75,3.06,RU,1719998521
389,la'ie,21.6477,-157.9253,25.0,79,100,4.47,US,1719998522
390,erdemli,36.605,34.3084,30.99,59,0,3.96,TR,1719998523
391,hinton,53.4001,-117.5857,10.15,78,100,1.06,CA,1719998525
392,wajir,1.7471,40.0573,30.98,40,20,4.63,KE,1719998526
393,rikaze,29.25,88.8833,23.36,32,99,1.97,CN,1719998527
394,lucea,18.451,-78.1736,27.92,81,81,5.97,JM,1719998529
395,dampit,-8.2116,112.7493,24.6,84,99,2.34,ID,1719998530
396,abepura,-2.6333,140.5833,28.45,79,20,3.6,ID,1719998531
397,singleton,-32.5667,151.1833,8.97,94,10,1.52,AU,1719998533
398,petropavlovka,50.6114,105.3196,31.71,35,8,4.37,RU,1719998534
399,zavetnoye,47.1194,43.8903,33.39,18,94,6.1,RU,1719998535
400,talara,-4.5772,-81.2719,18.48,87,89,3.56,PE,1719998537
401,inzhavino,52.3185,42.4937,31.17,42,28,2.75,RU,1719998538
402,egilsstadir,65.2653,-14.3948,7.95,93,100,4.12,IS,1719998539
403,batangafo,7.3008,18.2833,32.54,46,27,1.38,CF,1719998541
404,koryukivka,51.7688,32.2481,27.44,56,100,0.74,UA,1719998542
405,hoemul-li,41.4339,129.67,19.24,89,78,2.84,KP,1719998543
406,san jose del guaviare,2.5729,-72.6459,22.2,99,100,0.73,CO,1719998546
407,peniche,39.3558,-9.3811,18.95,89,4,6.94,PT,1719998548
408,sandnessjoen,66.0217,12.6316,15.29,76,75,4.12,NO,1719998549
409,yanam,16.7333,82.2167,35.41,49,99,3.59,IN,1719998550
410,coracora,-15.0333,-73.7833,8.7,57,2,1.13,PE,1719998551
411,kabinda,-6.1333,24.4833,31.6,19,71,2.53,CD,1719998553
412,namibe,-15.1961,12.1522,23.13,48,8,2.45,AO,1719998554
413,fort william,56.8165,-5.1121,11.84,94,100,1.96,GB,1719998555
414,kingston,17.997,-76.7936,26.53,89,75,5.66,JM,1719998557
415,borogontsy,62.6683,131.1683,23.57,77,22,3.38,RU,1719998558
416,basse-terre,16.1667,-61.6667,26.58,74,0,4.12,GP,1719998559
417,antofagasta,-23.65,-70.4,13.6,84,2,0.57,CL,1719998561
418,delaware,39.0004,-75.4999,17.74,96,35,2.13,US,1719998562
419,san patricio,28.017,-97.5169,28.94,84,0,3.43,US,1719998563
420,berbera,10.4396,45.0143,38.18,33,56,9.32,SO,1719998565
421,lensk,60.7253,114.9278,25.12,39,100,3.47,RU,1719998566
422,shahrud,36.4182,54.9763,31.76,20,29,6.81,IR,1719998567
423,san buenaventura,27.0833,-101.5333,27.26,63,1,2.49,MX,1719998568
424,palikir - national government center,6.9248,158.1611,28.32,75,38,4.52,FM,1719998570
425,aleksandrovsk-sakhalinskiy,50.8975,142.1561,18.24,78,1,2.1,RU,1719998291
426,warm mineral springs,27.0598,-82.2601,26.02,98,0,3.09,US,1719998572
427,trumann,35.6737,-90.5073,24.05,58,0,3.09,US,1719998574
428,divrigi,39.371,38.1137,26.52,27,0,1.06,TR,1719998575
429,kavieng,-2.5744,150.7967,27.61,74,100,2.64,PG,1719998576
430,mandera,3.9366,41.867,32.72,37,72,9.04,KE,1719998577
431,sabang,5.8933,95.3214,29.0,72,72,7.92,ID,1719998579
432,malango,-2.9627,119.9001,21.79,97,100,0.56,ID,1719998582
433,gakem,6.7658,8.9881,23.65,94,100,3.12,NG,1719998583
434,hopelchen,19.7667,-89.85,22.95,99,90,1.41,MX,1719998584
435,kruisfontein,-34.0033,24.7314,15.49,60,100,2.32,ZA,1719998585
436,smithers,54.7804,-127.1743,10.18,76,100,1.03,CA,1719998587
437,mudgee,-32.5943,149.5871,7.57,86,48,2.62,AU,1719998588
438,san ramon de la nueva oran,-23.1322,-64.326,10.79,57,0,0.81,AR,1719998589
439,imbituba,-28.24,-48.6703,15.48,73,0,2.44,BR,1719998591
440,wagini,12.6878,7.1958,29.05,55,99,5.44,NG,1719998593
441,kara,9.5511,1.1861,27.03,92,100,2.99,TG,1719998595
442,dryden,49.7833,-92.7503,15.16,94,100,4.63,CA,1719998596
443,pasni,25.2631,63.471,29.61,80,38,4.2,PK,1719998597
444,nguigmi,14.2495,13.1092,33.47,41,16,6.02,NE,1719998598
445,pangody,65.85,74.4859,19.3,39,100,8.35,RU,1719998600
446,catalca,41.1432,28.4615,30.51,50,81,4.75,TR,1719998558
447,sitangkai,4.6628,119.3928,27.96,77,93,4.92,PH,1719998602
448,pushkinskiye gory,57.0209,28.9103,16.41,89,78,4.69,RU,1719998604
449,hotan,37.0997,79.9269,36.05,14,3,5.5,CN,1719998466
450,vanino,49.0869,140.2543,20.69,89,93,1.0,RU,1719998606
451,tralee,52.2704,-9.7026,14.14,94,100,4.63,IE,1719998607
452,uren',57.4552,45.7852,32.25,38,11,4.23,RU,1719998609
453,nelson,-41.2833,173.2833,5.16,88,70,0.89,NZ,1719998610
454,bengkulu,-3.8004,102.2655,29.25,71,47,2.87,ID,1719998440
455,mingshui,36.7167,117.5,32.55,42,100,4.47,CN,1719998613
456,scalea,39.813,15.7956,24.1,73,36,3.16,IT,1719998614
457,acapulco de juarez,16.8634,-99.8901,25.9,89,100,2.57,MX,1719998615
458,mikkeli,61.6886,27.2723,18.06,63,75,0.51,FI,1719998617
459,margherita,27.2833,95.6833,29.68,85,100,1.07,IN,1719998618
460,rizhao,35.4275,119.4553,28.67,61,7,4.74,CN,1719998619
461,eyl,7.9803,49.8164,33.78,40,98,12.61,SO,1719998574
462,jelgava,56.65,23.7128,18.08,64,68,5.22,LV,1719998622
463,mwene-ditu,-7.0,23.45,29.37,23,85,3.02,CD,1719998623
464,bodo,67.28,14.405,12.1,90,75,2.06,NO,1719998624
465,keetmanshoop,-26.5833,18.1333,17.51,34,0,0.51,NA,1719998626
466,fort bragg,35.139,-79.006,19.39,94,0,1.54,US,1719998629
467,alamos,27.0167,-108.9333,25.0,93,100,1.62,MX,1719998630
468,kapoeta,4.7717,33.5903,33.09,31,86,4.16,SS,1719998631
469,druskininkai,54.0167,23.9667,20.25,48,11,3.84,LT,1719998633
470,hualien city,23.9769,121.6044,30.54,84,20,3.18,TW,1719998348
471,kirakira,-10.4544,161.9205,26.33,88,100,5.02,SB,1719998635
472,onokhoy,51.932,108.0747,35.86,20,24,3.76,RU,1719998636
473,bizerte,37.2744,9.8739,26.0,61,40,9.26,TN,1719998638
474,divnoye,45.9089,43.3547,31.64,22,57,7.55,RU,1719998639
475,hammerfest,70.6634,23.6821,7.25,100,75,1.54,NO,1719998642
476,harper,4.375,-7.7169,25.73,73,73,4.54,LR,1719998643
477,pamandzi,-12.7967,45.2794,28.88,61,75,7.2,YT,1719998644
478,hobyo,5.3505,48.5268,29.63,62,55,12.34,SO,1719998646
479,betio village,1.358,172.9211,28.02,74,100,6.1,KI,1719998647
480,alvear,-29.0968,-56.5504,15.53,77,99,2.21,AR,1719998649
481,mugia,43.1041,-9.2179,20.65,76,25,6.43,ES,1719998650
482,bulayevo,54.9056,70.4439,18.1,79,99,6.25,KZ,1719998651
483,chernyshevskiy,63.0128,112.4714,21.45,33,97,2.61,RU,1719998653
484,itauna,-20.0753,-44.5764,13.73,90,0,1.25,BR,1719998654
485,boguchany,58.3814,97.4531,26.5,55,100,1.77,RU,1719998655
486,east london,-33.0153,27.9116,17.52,67,0,2.06,ZA,1719998512
487,al bayda',32.7627,21.7551,25.53,60,6,8.7,LY,1719998658
488,guarapari,-20.6667,-40.4975,19.41,87,0,1.68,BR,1719998659
489,okakarara,-20.5833,17.4333,22.18,14,0,1.66,NA,1719998660
490,berezovyy,51.6667,135.7,32.09,52,16,1.88,RU,1719998662
491,ust'-ordynskiy,52.805,104.7508,33.94,31,18,2.29,RU,1719998663
492,antalaha,-14.9003,50.2788,25.78,61,55,5.92,MG,1719998666
493,breckenridge,32.7557,-98.9023,28.11,51,0,7.09,US,1719998667
494,sinabang,2.4803,96.3801,30.14,61,87,1.28,ID,1719998668
495,vordingborg,55.008,11.9106,16.68,63,100,6.51,DK,1719998670
496,ngawi,-7.4038,111.4461,28.57,69,100,2.61,ID,1719998671
497,oberammergau,47.5981,11.0669,16.3,84,100,1.17,DE,1719998673
498,nuku'alofa,-21.1333,-175.2,22.19,100,40,4.12,TO,1719998674
499,byron bay,-28.65,153.6167,13.17,82,100,7.0,AU,1719998606
500,cidreira,-30.1811,-50.2056,14.55,92,49,4.48,BR,1719998677
501,chizhou,30.6578,117.4831,30.61,83,73,3.56,CN,1719998678
502,north battleford,52.7834,-108.2847,12.45,94,0,3.6,CA,1719998679
503,asau,46.4333,26.4,16.16,95,100,1.39,RO,1719998680
504,zhezqazghan,47.7833,67.7667,29.32,24,40,7.0,KZ,1719998682
505,buala,-8.145,159.5921,27.11,84,98,4.47,SB,1719998683
506,vangviang,18.9333,102.45,28.43,87,100,0.48,LA,1719998684
507,ciudad constitucion,25.0369,-111.6644,22.76,65,51,1.16,MX,1719998686
508,mount gambier,-37.8333,140.7667,5.99,73,1,2.37,AU,1719998687
509,oriximina,-1.7656,-55.8661,23.13,92,7,1.53,BR,1719998688
510,constitucion,-35.3333,-72.4167,9.23,89,100,2.65,CL,1719998690
511,jiuquan,39.7432,98.5174,31.6,21,100,12.26,CN,1719998691
512,mahalapye,-23.1041,26.8142,23.07,22,0,5.46,BW,1719998692
513,susanville,40.4163,-120.653,16.48,34,0,2.48,US,1719998694
514,madanapalle,13.55,78.5,33.74,35,100,7.56,IN,1719998695
515,luanco,43.6152,-5.7934,19.21,77,56,0.89,ES,1719998698
516,san fernando de apure,7.8878,-67.4724,22.53,99,100,1.67,VE,1719998699
517,katsuura,35.1333,140.3,25.16,89,100,2.97,JP,1719998701
518,quatre cocos,-20.2078,57.7625,24.06,61,52,7.22,MU,1719998702
519,kadhan,24.481,68.9859,37.04,46,38,8.44,PK,1719998704
520,carnarvon,-24.8667,113.6333,22.29,34,0,8.06,AU,1719998705
521,mocajuba,-2.5842,-49.5072,21.92,98,6,0.91,BR,1719998707
522,flekkefjord,58.2971,6.6607,13.86,50,100,5.03,NO,1719998708
523,stalbe,57.3719,25.0343,17.88,85,98,4.2,LV,1719998709
524,vorkuta,67.5,64.0,14.25,94,100,6.48,RU,1719998711
525,barrinha,-21.1936,-48.1639,17.33,61,0,0.87,BR,1719998712
526,burang,30.25,81.1667,16.23,66,100,3.37,CN,1719998713
527,padang,-0.9492,100.3543,32.03,76,72,2.18,ID,1719998551
528,stephenville,32.2207,-98.2023,26.21,72,0,2.06,US,1719998716
529,novo aripuana,-5.1206,-60.3797,21.94,94,36,0.94,BR,1719998717
530,mirnyy,62.5353,113.9611,21.82,37,100,2.83,RU,1719998720
531,lubuklinggau,-3.3,102.8667,29.94,75,83,0.08,ID,1719998721
532,sao tome,0.3365,6.7273,25.44,78,78,5.0,ST,1719998723
533,new norfolk,-42.7826,147.0587,7.18,92,6,0.62,AU,1719998724
534,moree,-29.4667,149.85,13.86,63,100,6.68,AU,1719998725
535,zaraza,9.3503,-65.3245,22.17,97,72,1.07,VE,1719998726
536,springbok,-29.6643,17.8865,11.05,58,2,3.23,ZA,1719998728
537,dudinka,69.4058,86.1778,18.12,34,52,7.24,RU,1719998731
538,tofol,5.3248,163.0078,28.79,74,30,3.78,FM,1719998732
539,jinghong,21.991,100.7341,28.2,77,100,1.58,CN,1719998446
540,calca,-13.3333,-71.95,4.64,90,33,0.62,PE,1719998735
541,wang sai phun,16.3885,100.538,34.9,58,100,1.85,TH,1719998736
542,ranau,5.9538,116.6641,25.33,91,81,0.65,MY,1719998737
543,al kharj,24.155,47.3346,42.32,9,94,0.59,SA,1719998738
544,dombarovskiy,50.7587,59.5386,27.42,46,70,4.07,RU,1719998740
545,iida,35.5197,137.8207,27.11,89,100,1.65,JP,1719998741
546,justo daract,-33.8594,-65.1828,5.72,56,30,2.31,AR,1719998742
547,bantay,17.5847,120.3892,33.31,77,63,2.31,PH,1719998745
548,torres,-29.3353,-49.7269,19.92,89,28,2.55,BR,1719998747
549,mao,39.8885,4.2658,24.31,60,40,2.06,ES,1719998748
550,akureyri,65.6835,-18.0878,8.96,81,100,4.12,IS,1719998694
551,cowra,-33.8333,148.6833,7.18,73,3,3.41,AU,1719998755
552,midvagur,62.0511,-7.1939,11.46,76,75,5.14,FO,1719998756
553,baise city,23.8997,106.6133,27.58,89,95,2.35,CN,1719998527
554,cumbal,0.9088,-77.7915,7.31,96,92,1.41,CO,1719998759
555,kohima,25.6667,94.1167,25.43,98,100,0.78,IN,1719998760
556,bude,50.8243,-4.5413,16.11,85,100,3.13,GB,1719998762
557,taman',45.2117,36.7161,27.08,54,0,4.99,RU,1719998764
558,pisco,-13.7,-76.2167,16.03,88,100,1.54,PE,1719998765
559,rehoboth,-23.3167,17.0833,18.94,7,0,0.96,NA,1719998767
560,pau brasil,-15.4642,-39.6511,16.41,95,36,0.48,BR,1719998768
561,beyneu,45.3167,55.2,33.51,18,4,2.0,KZ,1719998769
562,kurumkan,54.3,110.3,33.51,30,17,1.05,RU,1719998771
563,wimborne minster,50.7833,-1.9833,17.22,77,75,7.2,GB,1719998772
564,laguna,38.421,-121.4238,26.99,50,0,1.54,US,1719998523
565,puerto baquerizo moreno,-0.9,-89.6,20.63,89,16,3.13,EC,1719998635
566,nova vicosa,-17.8919,-39.3719,20.54,87,10,2.04,BR,1719998776
567,necochea,-38.5473,-58.7368,7.92,83,78,7.93,AR,1719998777
568,yashkul',46.1711,45.3435,33.01,18,75,6.09,RU,1719998779
569,rudbar,30.15,62.6,42.9,7,0,6.47,AF,1719998783
570,cerro de ortega,18.75,-103.7667,23.86,89,99,1.36,MX,1719998785
571,hancheng,32.5186,112.3522,32.53,56,65,7.23,CN,1719998790
572,port augusta,-32.5,137.7667,9.89,64,5,4.72,AU,1719998791
